{"598720240001": {"status": "Charging", "last_change": "2024-10-31 23:13:01", "usage_count": 1, "notes": "", "current_usage": 23, "battery_feel": 1, "charged_mAh": 5, "awaiting_advanced_input": false}, "598720240002": {"status": "In Use", "last_change": "2024-10-31 22:13:34", "usage_count": 1, "notes": "", "current_usage": 123, "battery_feel": 3, "charged_mAh": null, "awaiting_advanced_input": false}, "598720240003": {"status": "In Use", "last_change": "2024-10-31 23:12:36", "usage_count": 1, "notes": "", "current_usage": null, "battery_feel": null, "charged_mAh": null, "awaiting_advanced_input": false}, "123420240001": {"status": "Charging", "last_change": "2024-10-31 22:39:02", "usage_count": 0, "notes": "", "current_usage": null, "battery_feel": null, "charged_mAh": null, "awaiting_advanced_input": false}, "123420240002": {"status": "In Use", "last_change": "2024-10-31 23:12:49", "usage_count": 1, "notes": "", "current_usage": null, "battery_feel": null, "charged_mAh": null, "awaiting_advanced_input": false}, "123420240003": {"status": "Charging", "last_change": "2024-10-31 22:39:04", "usage_count": 0, "notes": "", "current_usage": null, "battery_feel": null, "charged_mAh": null, "awaiting_advanced_input": false}, "123420240004": {"status": "Charging", "last_change": "2024-10-31 22:39:05", "usage_count": 0, "notes": "", "current_usage": null, "battery_feel": null, "charged_mAh": null, "awaiting_advanced_input": false}}